{"cameraMode":{"drawMode":0,"name":"Shaded","section":"Shading Mode"},"sceneLighting":false,"audioPlay":false,"sceneViewState":{"m_AlwaysRefresh":false,"showFog":true,"showSkybox":true,"showFlares":true,"showImageEffects":true,"showParticleSystems":true,"showVisualEffectGraphs":true,"m_FxEnabled":true},"in2DMode":false,"pivot":{"x":1.4199246168136597,"y":-0.43988749384880068,"z":-1.717952847480774},"rotation":{"x":-0.08275484293699265,"y":-0.9164366722106934,"z":0.25540876388549807,"w":-0.29679515957832339},"size":1.4336185455322266,"orthographic":false}