{"cameraMode":{"drawMode":0,"name":"Shaded","section":"Shading Mode"},"sceneLighting":true,"audioPlay":false,"sceneViewState":{"m_AlwaysRefresh":false,"showFog":true,"showSkybox":true,"showFlares":true,"showImageEffects":true,"showParticleSystems":true,"showVisualEffectGraphs":true,"m_FxEnabled":false},"in2DMode":false,"pivot":{"x":-4.67714786529541,"y":0.09939694404602051,"z":2.0110950469970705},"rotation":{"x":0.060198575258255008,"y":-0.5614141821861267,"z":0.040998704731464389,"w":0.8243260383605957},"size":3.202815294265747,"orthographic":false}