{"cameraMode":{"drawMode":0,"name":"Shaded","section":"Shading Mode"},"sceneLighting":false,"audioPlay":false,"sceneViewState":{"m_AlwaysRefresh":false,"showFog":true,"showSkybox":true,"showFlares":true,"showImageEffects":true,"showParticleSystems":true,"showVisualEffectGraphs":true,"m_FxEnabled":true},"in2DMode":false,"pivot":{"x":-0.04740941524505615,"y":-0.339648962020874,"z":3.624753475189209},"rotation":{"x":-0.17309287190437318,"y":0.06141999736428261,"z":-0.010857729241251946,"w":-0.9829424619674683},"size":2.847871780395508,"orthographic":false}