{"cameraMode":{"drawMode":0,"name":"Shaded","section":"Shading Mode"},"sceneLighting":false,"audioPlay":false,"sceneViewState":{"m_AlwaysRefresh":false,"showFog":true,"showSkybox":true,"showFlares":true,"showImageEffects":true,"showParticleSystems":true,"showVisualEffectGraphs":true,"m_FxEnabled":true},"in2DMode":false,"pivot":{"x":-2.183349132537842,"y":0.09050637483596802,"z":0.4398726224899292},"rotation":{"x":0.1180483028292656,"y":-0.6267861723899841,"z":0.09688080847263336,"w":0.7640907764434815},"size":1.4336185455322266,"orthographic":false}