{"cameraMode":{"drawMode":0,"name":"Shaded","section":"Shading Mode"},"sceneLighting":true,"audioPlay":false,"sceneViewState":{"m_AlwaysRefresh":false,"showFog":true,"showSkybox":true,"showFlares":true,"showImageEffects":true,"showParticleSystems":true,"showVisualEffectGraphs":true,"m_FxEnabled":true},"in2DMode":false,"pivot":{"x":4.311770915985107,"y":-1.165506362915039,"z":2.7080907821655275},"rotation":{"x":0.28154826164245608,"y":0.36007195711135867,"z":-0.11495157331228256,"w":0.8819889426231384},"size":48.827980041503909,"orthographic":false}